Date Time,Dataset,Total Number of Samples,Trial Number,Criterion,Maximum Depth Allowed,Number of folds,Is stratified?,Use Numeric Attributes?,Number of Samples Forcing a Leaf,Use Min Samples in Second Largest Class?,Min Samples in Second Largest Class,Uses Chi-Square Test,Maximum p-value Allowed by Chi-Square Test [between 0 and 1],Minimum Number in Second Most Frequent Value,Average Number of Valid Attributes in Root Node (m),Average Number of Valid Nominal Attributes in Root Node (m_nom),Average Number of Valid Numeric Attributes in Root Node (m_num),Total Time Taken for Cross-Validation [s],Accuracy Percentage on Trivial Trees (with no splits),Accuracy Percentage (with missing values),Accuracy Percentage (without missing values),Number of Samples Classified using Unkown Value,Percentage of Samples with Unkown Values for Accepted Attribute,Average Number of Values of Attribute Chosen at Root Node,Maximum Number of Values of Attribute Chosen at Root Node,Minimum Number of Values of Attribute Chosen at Root Node,Number of Trivial Splits [between 0 and number of folds],Average Number of Nodes (after prunning),Maximum Number of Nodes (after prunning),Minimum Number of Nodes (after prunning),Average Tree Depth (after prunning),Maximum Tree Depth (after prunning),Minimum Tree Depth (after prunning),Average Number of Nodes Pruned
2017-05-02 17:51:40.708503,Adult Census Income,16280,1,GW Squared Gini,5,3,True,False,1,False,None,True,0.1,40,8.0,8.0,0.0,66.20269195386209,75.54054054054055,81.87960687960688,81.89024764948074,7,0.042997542997543,6.0,6,6,0,15.0,17,11,5.0,5,5,47.3333333333
2017-05-02 17:52:47.839114,Adult Census Income,16280,2,GW Squared Gini,5,3,True,False,1,False,None,True,0.1,40,8.0,8.0,0.0,67.12966388906352,75.54054054054055,81.85503685503686,81.86006511456478,1,0.006142506142506142,6.0,6,6,0,15.0,19,9,4.66666666667,5,4,46.6666666667
2017-05-02 17:53:47.167529,Adult Census Income,16280,3,GW Squared Gini,5,3,True,False,1,False,None,True,0.1,40,8.0,8.0,0.0,59.327261293074116,75.54054054054055,82.18058968058968,82.19464241828459,4,0.02457002457002457,6.0,6,6,0,15.0,17,11,5.0,5,5,46.6666666667
2017-05-02 17:54:44.060547,Adult Census Income,16280,4,GW Squared Gini,5,3,True,False,1,False,None,True,0.1,40,8.0,8.0,0.0,56.89231460704468,75.54054054054055,81.96560196560196,81.97063701701579,1,0.006142506142506142,6.0,6,6,0,11.6666666667,15,9,4.66666666667,5,4,50.6666666667
2017-05-02 17:55:54.154697,Adult Census Income,16280,5,GW Squared Gini,5,3,True,False,1,False,None,True,0.1,40,8.0,8.0,0.0,70.09349155100062,75.54054054054055,81.92260442260442,81.92763683272928,1,0.006142506142506142,6.0,6,6,0,11.6666666667,15,9,4.66666666667,5,4,51.3333333333
2017-05-02 17:56:50.516089,Adult Census Income,16280,6,GW Squared Gini,5,3,True,False,1,False,None,True,0.1,40,8.0,8.0,0.0,56.360783817013726,75.54054054054055,81.9963144963145,81.99913989064324,3,0.018427518427518427,6.0,6,6,0,9.66666666667,11,9,4.33333333333,5,4,52.0
2017-05-02 17:58:01.626794,Adult Census Income,16280,7,GW Squared Gini,5,3,True,False,1,False,None,True,0.1,40,8.0,8.0,0.0,71.11009222711436,75.54054054054055,82.11302211302211,82.12990843728876,7,0.042997542997543,6.0,6,6,0,11.0,15,9,4.33333333333,5,4,50.6666666667
2017-05-02 17:59:16.215809,Adult Census Income,16280,8,GW Squared Gini,5,3,True,False,1,False,None,True,0.1,40,8.0,8.0,0.0,74.58838239312172,75.54054054054055,82.1007371007371,82.10972537936966,3,0.018427518427518427,6.0,6,6,0,16.3333333333,19,11,5.0,5,5,46.0
2017-05-02 18:00:21.353834,Adult Census Income,16280,9,GW Squared Gini,5,3,True,False,1,False,None,True,0.1,40,8.0,8.0,0.0,65.13741070195101,75.54054054054055,82.1007371007371,82.10358174110708,3,0.018427518427518427,6.0,6,6,0,14.3333333333,17,11,5.0,5,5,47.3333333333
2017-05-02 18:01:30.213167,Adult Census Income,16280,10,GW Squared Gini,5,3,True,False,1,False,None,True,0.1,40,8.0,8.0,0.0,68.85874535096809,75.54054054054055,82.0085995085995,82.04166922745989,9,0.05528255528255528,6.0,6,6,0,16.3333333333,21,11,5.0,5,5,43.3333333333
2017-05-02 18:01:57.110374,Adult Census Income,16280,1,GW Chi Square,5,3,True,False,1,False,None,True,0.1,40,8.0,8.0,0.0,26.896573239006102,75.54054054054055,82.34643734643734,82.35836303305886,6,0.036855036855036855,6.0,6,6,0,21.6666666667,29,15,4.66666666667,5,4,33.3333333333
2017-05-02 18:02:20.396350,Adult Census Income,16280,2,GW Chi Square,5,3,True,False,1,False,None,True,0.1,40,8.0,8.0,0.0,23.2853341109585,75.54054054054055,82.26658476658477,82.27560361245929,3,0.018427518427518427,6.0,6,6,0,21.0,27,17,5.0,5,5,28.6666666667
2017-05-02 18:02:44.160609,Adult Census Income,16280,3,GW Chi Square,5,3,True,False,1,False,None,True,0.1,40,8.0,8.0,0.0,23.76365253305994,75.54054054054055,82.52457002457002,82.5397800577502,3,0.018427518427518427,6.0,6,6,0,25.0,29,23,5.0,5,5,29.3333333333
2017-05-02 18:03:06.450634,Adult Census Income,16280,4,GW Chi Square,5,3,True,False,1,False,None,True,0.1,40,8.0,8.0,0.0,22.289383959025145,75.54054054054055,82.26658476658477,82.27739199901677,7,0.042997542997543,6.0,6,6,0,21.6666666667,27,19,5.0,5,5,30.0
2017-05-02 18:03:33.024639,Adult Census Income,16280,5,GW Chi Square,5,3,True,False,1,False,None,True,0.1,40,8.0,8.0,0.0,26.573366378899664,75.54054054054055,82.45700245700246,82.45376912207409,3,0.018427518427518427,6.0,6,6,0,22.3333333333,25,19,5.0,5,5,30.6666666667
2017-05-02 18:03:56.566667,Adult Census Income,16280,6,GW Chi Square,5,3,True,False,1,False,None,True,0.1,40,8.0,8.0,0.0,23.54138869396411,75.54054054054055,82.34643734643734,82.37138115434261,11,0.06756756756756757,6.0,6,6,0,23.6666666667,25,23,5.0,5,5,28.6666666667
2017-05-02 18:04:22.018237,Adult Census Income,16280,7,GW Chi Square,5,3,True,False,1,False,None,True,0.1,40,8.0,8.0,0.0,25.450925909914076,75.54054054054055,82.30958230958231,82.3175227328582,4,0.02457002457002457,6.0,6,6,0,18.3333333333,25,13,5.0,5,5,33.3333333333
2017-05-02 18:04:51.479990,Adult Census Income,16280,8,GW Chi Square,5,3,True,False,1,False,None,True,0.1,40,8.0,8.0,0.0,29.461155992932618,75.54054054054055,82.42628992628993,82.42703533026113,5,0.030712530712530713,6.0,6,6,0,23.0,25,21,5.0,5,5,27.3333333333
2017-05-02 18:05:16.183734,Adult Census Income,16280,9,GW Chi Square,5,3,True,False,1,False,None,True,0.1,40,8.0,8.0,0.0,24.703034283826128,75.54054054054055,82.487714987715,82.49323825915909,12,0.07371007371007371,6.0,6,6,0,25.0,37,17,5.0,5,5,26.6666666667
2017-05-02 18:05:41.621067,Adult Census Income,16280,10,GW Chi Square,5,3,True,False,1,False,None,True,0.1,40,8.0,8.0,0.0,25.436579728033394,75.54054054054055,82.43857493857494,82.45344477905476,9,0.05528255528255528,6.0,6,6,0,24.3333333333,29,21,5.0,5,5,27.3333333333
2017-05-02 18:05:42.585787,Cars with Aggreg,864,1,GW Squared Gini,5,3,True,False,1,False,None,True,0.1,40,5.0,5.0,0.0,0.964037453988567,69.21296296296296,69.09722222222223,69.09722222222223,0,0.0,7.66666666667,16,3,0,10.3333333333,13,7,3.66666666667,4,3,7.33333333333
2017-05-02 18:05:43.553543,Cars with Aggreg,864,2,GW Squared Gini,5,3,True,False,1,False,None,True,0.1,40,5.0,5.0,0.0,0.9674761591013521,69.21296296296296,69.32870370370371,69.32870370370371,0,0.0,12.0,16,4,0,7.66666666667,11,5,3.0,4,2,7.33333333333
2017-05-02 18:05:44.664928,Cars with Aggreg,864,3,GW Squared Gini,5,3,True,False,1,False,None,True,0.1,40,5.0,5.0,0.0,1.111133601050824,69.21296296296296,68.86574074074075,68.86574074074075,0,0.0,7.66666666667,16,3,0,3.0,7,1,1.0,3,0,14.0
2017-05-02 18:05:45.689351,Cars with Aggreg,864,4,GW Squared Gini,5,3,True,False,1,False,None,True,0.1,40,5.0,5.0,0.0,1.0241884679999202,69.21296296296296,67.70833333333333,67.70833333333333,0,0.0,3.66666666667,4,3,0,8.33333333333,11,7,3.33333333333,4,3,11.3333333333
2017-05-02 18:05:46.785738,Cars with Aggreg,864,5,GW Squared Gini,5,3,True,False,1,False,None,True,0.1,40,5.0,5.0,0.0,1.0961311778519303,69.21296296296296,69.9074074074074,69.9074074074074,0,0.0,7.66666666667,16,3,0,3.66666666667,5,1,1.33333333333,2,0,13.3333333333
2017-05-02 18:05:47.938037,Cars with Aggreg,864,6,GW Squared Gini,5,3,True,False,1,False,None,True,0.1,40,5.0,5.0,0.0,1.1520512939896435,69.21296296296296,69.21296296296296,69.21296296296296,0,0.0,3.66666666667,4,3,0,10.3333333333,11,9,4.0,4,4,9.33333333333
2017-05-02 18:05:48.970543,Cars with Aggreg,864,7,GW Squared Gini,5,3,True,False,1,False,None,True,0.1,40,5.0,5.0,0.0,1.0322431800886989,69.21296296296296,68.63425925925925,68.63425925925925,0,0.0,11.6666666667,16,3,0,10.3333333333,15,7,3.66666666667,4,3,10.6666666667
2017-05-02 18:05:50.062937,Cars with Aggreg,864,8,GW Squared Gini,5,3,True,False,1,False,None,True,0.1,40,5.0,5.0,0.0,1.0921418329235166,69.21296296296296,68.98148148148148,68.98148148148148,0,0.0,7.66666666667,16,3,0,9.0,11,7,3.0,3,3,8.66666666667
2017-05-02 18:05:51.066663,Cars with Aggreg,864,9,GW Squared Gini,5,3,True,False,1,False,None,True,0.1,40,5.0,5.0,0.0,1.0034764199517667,69.21296296296296,69.9074074074074,69.9074074074074,0,0.0,16.0,16,16,0,8.33333333333,9,7,3.33333333333,4,3,10.0
2017-05-02 18:05:52.103090,Cars with Aggreg,864,10,GW Squared Gini,5,3,True,False,1,False,None,True,0.1,40,5.0,5.0,0.0,1.0361758209764957,69.21296296296296,69.32870370370371,69.32870370370371,0,0.0,8.0,16,4,0,9.0,11,7,3.66666666667,4,3,9.33333333333
2017-05-02 18:05:52.903405,Cars with Aggreg,864,1,GW Chi Square,5,3,True,False,1,False,None,True,0.1,40,5.0,5.0,0.0,0.8000492779538035,69.21296296296296,69.67592592592592,69.67592592592592,0,0.0,3.0,3,3,0,9.66666666667,15,1,2.66666666667,4,0,10.0
2017-05-02 18:05:53.712988,Cars with Aggreg,864,2,GW Chi Square,5,3,True,False,1,False,None,True,0.1,40,5.0,5.0,0.0,0.8093211730010808,69.21296296296296,67.93981481481481,67.93981481481481,0,0.0,3.0,3,3,0,9.66666666667,11,9,4.0,5,3,10.0
2017-05-02 18:05:54.557059,Cars with Aggreg,864,3,GW Chi Square,5,3,True,False,1,False,None,True,0.1,40,5.0,5.0,0.0,0.8438191351015121,69.21296296296296,69.79166666666667,69.79166666666667,0,0.0,3.0,3,3,0,11.6666666667,17,5,4.0,5,2,10.6666666667
2017-05-02 18:05:55.401207,Cars with Aggreg,864,4,GW Chi Square,5,3,True,False,1,False,None,True,0.1,40,5.0,5.0,0.0,0.843878858955577,69.21296296296296,67.93981481481481,67.93981481481481,0,0.0,3.0,3,3,0,10.3333333333,15,7,4.0,5,3,10.6666666667
2017-05-02 18:05:56.244049,Cars with Aggreg,864,5,GW Chi Square,5,3,True,False,1,False,None,True,0.1,40,5.0,5.0,0.0,0.8425543860066682,69.21296296296296,68.51851851851852,68.51851851851852,0,0.0,3.0,3,3,0,11.6666666667,15,7,3.66666666667,4,3,10.0
2017-05-02 18:05:57.083659,Cars with Aggreg,864,6,GW Chi Square,5,3,True,False,1,False,None,True,0.1,40,5.0,5.0,0.0,0.8393127850722522,69.21296296296296,70.37037037037037,70.37037037037037,0,0.0,3.0,3,3,0,11.0,15,7,4.0,5,3,11.3333333333
2017-05-02 18:05:57.914373,Cars with Aggreg,864,7,GW Chi Square,5,3,True,False,1,False,None,True,0.1,40,5.0,5.0,0.0,0.8304305588826537,69.21296296296296,69.44444444444444,69.44444444444444,0,0.0,3.0,3,3,0,11.0,13,9,4.0,4,4,10.0
2017-05-02 18:05:58.702591,Cars with Aggreg,864,8,GW Chi Square,5,3,True,False,1,False,None,True,0.1,40,5.0,5.0,0.0,0.7879633409902453,69.21296296296296,67.93981481481481,67.93981481481481,0,0.0,3.0,3,3,0,11.6666666667,15,7,3.66666666667,4,3,8.66666666667
2017-05-02 18:05:59.540631,Cars with Aggreg,864,9,GW Chi Square,5,3,True,False,1,False,None,True,0.1,40,5.0,5.0,0.0,0.8377727179322392,69.21296296296296,68.05555555555556,68.05555555555556,0,0.0,3.0,3,3,0,9.66666666667,13,5,3.33333333333,4,2,13.3333333333
2017-05-02 18:06:00.381347,Cars with Aggreg,864,10,GW Chi Square,5,3,True,False,1,False,None,True,0.1,40,5.0,5.0,0.0,0.8404612310696393,69.21296296296296,68.51851851851852,68.51851851851852,0,0.0,3.0,3,3,0,13.0,15,9,4.0,4,4,10.6666666667
2017-05-02 18:06:04.893876,Contraceptive with Aggreg,737,1,GW Squared Gini,5,3,True,False,1,False,None,True,0.1,40,8.0,8.0,0.0,4.512230732943863,42.87652645861601,46.54002713704206,46.45776566757493,3,0.40705563093622793,11.3333333333,15,4,0,7.66666666667,11,5,2.66666666667,3,2,3.33333333333
2017-05-02 18:06:09.751283,Contraceptive with Aggreg,737,2,GW Squared Gini,5,3,True,False,1,False,None,True,0.1,40,8.0,8.0,0.0,4.857103198999539,42.87652645861601,47.896879240162825,47.82608695652174,1,0.13568521031207598,14.6666666667,15,14,0,7.0,9,5,2.66666666667,3,2,3.33333333333
2017-05-02 18:06:15.812246,Contraceptive with Aggreg,737,3,GW Squared Gini,5,3,True,False,1,False,None,True,0.1,40,8.0,8.0,0.0,6.060652163112536,42.87652645861601,41.92672998643148,41.904761904761905,2,0.27137042062415195,15.3333333333,27,4,0,9.0,11,7,3.0,3,3,1.33333333333
2017-05-02 18:06:21.104836,Contraceptive with Aggreg,737,4,GW Squared Gini,5,3,True,False,1,False,None,True,0.1,40,8.33333333333,8.33333333333,0.0,5.2922776190098375,42.87652645861601,41.92672998643148,41.92672998643148,0,0.0,19.6666666667,29,15,0,6.33333333333,9,3,2.66666666667,4,1,4.66666666667
2017-05-02 18:06:26.313901,Contraceptive with Aggreg,737,5,GW Squared Gini,5,3,True,False,1,False,None,True,0.1,40,8.0,8.0,0.0,5.208782074972987,42.87652645861601,43.69063772048847,43.53741496598639,2,0.27137042062415195,19.0,28,14,0,5.66666666667,7,5,2.33333333333,3,2,4.66666666667
2017-05-02 18:06:31.735692,Contraceptive with Aggreg,737,6,GW Squared Gini,5,3,True,False,1,False,None,True,0.1,40,8.0,8.0,0.0,5.421462558908388,42.87652645861601,42.74084124830394,42.486338797814206,5,0.6784260515603799,19.0,27,15,0,9.0,9,9,3.0,3,3,1.33333333333
2017-05-02 18:06:37.377573,Contraceptive with Aggreg,737,7,GW Squared Gini,5,3,True,False,1,False,None,True,0.1,40,8.0,8.0,0.0,5.641550543019548,42.87652645861601,44.776119402985074,44.70108695652174,1,0.13568521031207598,19.3333333333,29,14,0,6.33333333333,7,5,2.66666666667,3,2,2.0
2017-05-02 18:06:43.201781,Contraceptive with Aggreg,737,8,GW Squared Gini,5,3,True,False,1,False,None,True,0.1,40,8.0,8.0,0.0,5.82383715803735,42.87652645861601,45.45454545454545,45.30612244897959,2,0.27137042062415195,19.0,28,14,0,8.33333333333,13,5,3.0,4,2,2.0
2017-05-02 18:06:48.804853,Contraceptive with Aggreg,737,9,GW Squared Gini,5,3,True,False,1,False,None,True,0.1,40,8.0,8.0,0.0,5.602661703946069,42.87652645861601,44.91180461329715,44.89795918367347,2,0.27137042062415195,19.0,28,14,0,5.0,5,5,2.0,2,2,4.66666666667
2017-05-02 18:06:53.453299,Contraceptive with Aggreg,737,10,GW Squared Gini,5,3,True,False,1,False,None,True,0.1,40,8.0,8.0,0.0,4.648074567085132,42.87652645861601,44.097693351424695,44.065484311050476,4,0.5427408412483039,14.6666666667,15,14,0,5.66666666667,7,5,2.33333333333,3,2,6.0
2017-05-02 18:06:54.970894,Contraceptive with Aggreg,737,1,GW Chi Square,5,3,True,False,1,False,None,True,0.1,40,8.0,8.0,0.0,1.5171743710525334,42.87652645861601,45.047489823609226,44.73324213406293,6,0.8141112618724559,27.6666666667,29,27,0,7.0,9,5,2.33333333333,3,2,0.0
2017-05-02 18:06:56.885017,Contraceptive with Aggreg,737,2,GW Chi Square,5,3,True,False,1,False,None,True,0.1,40,8.0,8.0,0.0,1.9136972080450505,42.87652645861601,45.725915875169605,45.776566757493185,3,0.40705563093622793,20.0,28,4,0,7.0,11,5,2.66666666667,4,2,2.0
2017-05-02 18:06:58.762258,Contraceptive with Aggreg,737,3,GW Chi Square,5,3,True,False,1,False,None,True,0.1,40,8.0,8.0,0.0,1.87672467995435,42.87652645861601,43.147896879240164,43.11050477489768,4,0.5427408412483039,28.0,29,27,0,7.0,9,5,2.66666666667,3,2,1.33333333333
2017-05-02 18:07:00.558035,Contraceptive with Aggreg,737,4,GW Chi Square,5,3,True,False,1,False,None,True,0.1,40,8.33333333333,8.33333333333,0.0,1.7954156841151416,42.87652645861601,42.87652645861601,42.465753424657535,7,0.9497964721845319,27.6666666667,29,26,0,9.0,11,7,3.0,4,2,0.666666666667
2017-05-02 18:07:02.722576,Contraceptive with Aggreg,737,5,GW Chi Square,5,3,True,False,1,False,None,True,0.1,40,8.0,8.0,0.0,2.1640125759877264,42.87652645861601,41.791044776119406,41.75824175824176,9,1.2211668928086838,27.6666666667,29,26,0,7.66666666667,9,7,3.0,3,3,1.33333333333
2017-05-02 18:07:05.153631,Contraceptive with Aggreg,737,6,GW Chi Square,5,3,True,False,1,False,None,True,0.1,40,8.0,8.0,0.0,2.4304819928947836,42.87652645861601,47.08276797829036,46.79399727148704,4,0.5427408412483039,19.6666666667,28,4,0,9.66666666667,11,9,3.33333333333,4,3,0.0
2017-05-02 18:07:06.702918,Contraceptive with Aggreg,737,7,GW Chi Square,5,3,True,False,1,False,None,True,0.1,40,8.0,8.0,0.0,1.5488174280617386,42.87652645861601,43.82632293080054,43.88586956521739,1,0.13568521031207598,12.3333333333,29,4,0,7.0,7,7,2.66666666667,3,2,2.0
2017-05-02 18:07:08.952931,Contraceptive with Aggreg,737,8,GW Chi Square,5,3,True,False,1,False,None,True,0.1,40,8.0,8.0,0.0,2.2491623270325363,42.87652645861601,42.33378561736771,42.37057220708447,3,0.40705563093622793,20.0,28,4,0,8.33333333333,11,7,3.0,3,3,0.666666666667
2017-05-02 18:07:11.319387,Contraceptive with Aggreg,737,9,GW Chi Square,5,3,True,False,1,False,None,True,0.1,40,8.0,8.0,0.0,2.3654345630202442,42.87652645861601,47.35413839891452,47.26775956284153,5,0.6784260515603799,11.6666666667,27,4,0,5.66666666667,7,5,2.33333333333,3,2,2.0
2017-05-02 18:07:12.797723,Contraceptive with Aggreg,737,10,GW Chi Square,5,3,True,False,1,False,None,True,0.1,40,8.0,8.0,0.0,1.4778230420779437,42.87652645861601,43.28358208955224,42.97407912687585,4,0.5427408412483039,19.6666666667,28,4,0,5.66666666667,9,3,2.0,3,1,2.66666666667
2017-05-02 18:09:00.573710,Cover Type with Aggreg,290506,1,GW Squared Gini,5,3,True,False,1,False,None,True,0.1,40,42.3333333333,42.3333333333,0.0,107.77543825493194,48.711902680151184,63.71916586920752,63.719604549334946,2,0.0006884539389892119,39.6666666667,40,39,0,33.6666666667,37,31,5.0,5,5,18.0
2017-05-02 18:10:47.611901,Cover Type with Aggreg,290506,2,GW Squared Gini,5,3,True,False,1,False,None,True,0.1,40,42.3333333333,42.3333333333,0.0,107.03005757997744,48.711902680151184,64.37009906852182,64.37009906852182,0,0.0,40.0,40,40,0,31.6666666667,35,29,5.0,5,5,23.3333333333
2017-05-02 18:12:35.570921,Cover Type with Aggreg,290506,3,GW Squared Gini,5,3,True,False,1,False,None,True,0.1,40,42.6666666667,42.6666666667,0.0,107.9505210078787,48.711902680151184,64.28404232614817,64.2844848952166,2,0.0006884539389892119,39.6666666667,40,39,0,33.0,35,31,5.0,5,5,20.0
2017-05-02 18:14:24.991911,Cover Type with Aggreg,290506,4,GW Squared Gini,5,3,True,False,1,False,None,True,0.1,40,42.3333333333,42.3333333333,0.0,109.4128442669753,48.711902680151184,64.15874370925214,64.15874370925214,0,0.0,40.0,40,40,0,32.3333333333,37,27,5.0,5,5,19.3333333333
2017-05-02 18:16:16.344994,Cover Type with Aggreg,290506,5,GW Squared Gini,5,3,True,False,1,False,None,True,0.1,40,42.6666666667,42.6666666667,0.0,111.34522840497084,48.711902680151184,64.35942803246749,64.35942803246749,0,0.0,27.3333333333,40,2,0,29.0,31,27,5.0,5,5,19.3333333333
2017-05-02 18:18:02.883908,Cover Type with Aggreg,290506,6,GW Squared Gini,5,3,True,False,1,False,None,True,0.1,40,42.3333333333,42.3333333333,0.0,106.53041926189326,48.711902680151184,64.25994643828355,64.25994643828355,0,0.0,40.0,40,40,0,33.0,43,27,5.0,5,5,18.6666666667
2017-05-02 18:19:54.456615,Cover Type with Aggreg,290506,7,GW Squared Gini,5,3,True,False,1,False,None,True,0.1,40,42.6666666667,42.6666666667,0.0,111.56404751702212,48.711902680151184,64.35323194701658,64.35323194701658,0,0.0,27.3333333333,40,2,0,31.0,35,27,5.0,5,5,22.0
2017-05-02 18:21:54.447989,Cover Type with Aggreg,290506,8,GW Squared Gini,5,3,True,False,1,False,None,True,0.1,40,42.6666666667,42.6666666667,0.0,119.98327605100349,48.711902680151184,64.1287959629061,64.12923746316746,2,0.0006884539389892119,39.6666666667,40,39,0,33.6666666667,37,31,5.0,5,5,18.6666666667
2017-05-02 18:23:41.896167,Cover Type with Aggreg,290506,9,GW Squared Gini,5,3,True,False,1,False,None,True,0.1,40,42.3333333333,42.3333333333,0.0,107.43997827498242,48.711902680151184,64.18490495893373,64.18490495893373,0,0.0,40.0,40,40,0,36.3333333333,41,33,5.0,5,5,16.6666666667
2017-05-02 18:25:30.381382,Cover Type with Aggreg,290506,10,GW Squared Gini,5,3,True,False,1,False,None,True,0.1,40,42.3333333333,42.3333333333,0.0,108.47648184513673,48.711902680151184,64.00728384267451,64.00772450637513,2,0.0006884539389892119,39.6666666667,40,39,0,32.3333333333,33,31,5.0,5,5,20.0
2017-05-02 18:28:21.822761,Cover Type with Aggreg,290506,1,GW Chi Square,5,3,True,False,1,False,None,True,0.1,40,42.3333333333,42.3333333333,0.0,171.43253979180008,48.711902680151184,58.645604565826524,58.645604565826524,0,0.0,4.0,4,4,0,17.0,17,17,5.0,5,5,4.0
2017-05-02 18:31:05.977559,Cover Type with Aggreg,290506,2,GW Chi Square,5,3,True,False,1,False,None,True,0.1,40,42.3333333333,42.3333333333,0.0,164.14395203301683,48.711902680151184,58.60567423736515,58.60567423736515,0,0.0,4.0,4,4,0,17.6666666667,19,17,5.0,5,5,3.33333333333
2017-05-02 18:33:41.745183,Cover Type with Aggreg,290506,3,GW Chi Square,5,3,True,False,1,False,None,True,0.1,40,42.6666666667,42.6666666667,0.0,155.75663824588992,48.711902680151184,59.848333597240675,59.848333597240675,0,0.0,4.0,4,4,0,19.6666666667,21,19,5.0,5,5,2.0
2017-05-02 18:36:16.541809,Cover Type with Aggreg,290506,4,GW Chi Square,5,3,True,False,1,False,None,True,0.1,40,42.3333333333,42.3333333333,0.0,154.7884544620756,48.711902680151184,59.775013252738326,59.775013252738326,0,0.0,4.0,4,4,0,18.3333333333,21,17,5.0,5,5,3.33333333333
2017-05-02 18:38:56.212577,Cover Type with Aggreg,290506,5,GW Chi Square,5,3,True,False,1,False,None,True,0.1,40,42.6666666667,42.6666666667,0.0,159.66297899605706,48.711902680151184,57.61877551582411,57.61877551582411,0,0.0,4.0,4,4,0,15.6666666667,19,13,4.66666666667,5,4,5.33333333333
2017-05-02 18:41:30.275289,Cover Type with Aggreg,290506,6,GW Chi Square,5,3,True,False,1,False,None,True,0.1,40,42.3333333333,42.3333333333,0.0,154.0539844329469,48.711902680151184,60.81423447364254,60.81423447364254,0,0.0,4.0,4,4,0,17.0,17,17,5.0,5,5,4.0
2017-05-02 18:44:07.414052,Cover Type with Aggreg,290506,7,GW Chi Square,5,3,True,False,1,False,None,True,0.1,40,42.6666666667,42.6666666667,0.0,157.13113334495574,48.711902680151184,57.60982561461726,57.60982561461726,0,0.0,4.0,4,4,0,17.0,19,13,4.66666666667,5,4,3.33333333333
2017-05-02 18:46:44.337512,Cover Type with Aggreg,290506,8,GW Chi Square,5,3,True,False,1,False,None,True,0.1,40,42.6666666667,42.6666666667,0.0,156.9149407269433,48.711902680151184,57.60638334492231,57.60638334492231,0,0.0,4.0,4,4,0,16.3333333333,19,13,4.66666666667,5,4,4.0
2017-05-02 18:49:19.613916,Cover Type with Aggreg,290506,9,GW Chi Square,5,3,True,False,1,False,None,True,0.1,40,42.3333333333,42.3333333333,0.0,155.2678886030335,48.711902680151184,57.47247905378891,57.47247905378891,0,0.0,4.0,4,4,0,16.3333333333,19,13,4.66666666667,5,4,4.0
2017-05-02 18:51:53.427614,Cover Type with Aggreg,290506,10,GW Chi Square,5,3,True,False,1,False,None,True,0.1,40,42.3333333333,42.3333333333,0.0,153.80698032304645,48.711902680151184,59.79773223272497,59.7981439154022,2,0.0006884539389892119,4.0,4,4,0,19.6666666667,21,19,5.0,5,5,2.0
2017-05-02 18:51:58.885286,Mushroom,2817,1,GW Squared Gini,5,3,True,False,1,False,None,True,0.1,40,18.6666666667,18.6666666667,0.0,5.448834509123117,63.08129215477458,98.15406460773873,98.15406460773873,0,0.0,7.0,7,7,0,14.3333333333,17,11,4.66666666667,5,4,17.3333333333
2017-05-02 18:52:04.922997,Mushroom,2817,2,GW Squared Gini,5,3,True,False,1,False,None,True,0.1,40,18.6666666667,18.6666666667,0.0,6.037302338983864,63.08129215477458,98.54455094071707,98.54455094071707,0,0.0,7.0,7,7,0,13.0,15,11,5.0,5,5,17.3333333333
2017-05-02 18:52:10.890027,Mushroom,2817,3,GW Squared Gini,5,3,True,False,1,False,None,True,0.1,40,18.3333333333,18.3333333333,0.0,5.966674695955589,63.08129215477458,98.4735534256301,98.4735534256301,0,0.0,7.0,7,7,0,11.0,11,11,4.0,4,4,21.3333333333
2017-05-02 18:52:16.329426,Mushroom,2817,4,GW Squared Gini,5,3,True,False,1,False,None,True,0.1,40,18.6666666667,18.6666666667,0.0,5.439063864061609,63.08129215477458,98.11856585019524,98.11856585019524,0,0.0,7.0,7,7,0,12.3333333333,15,11,4.66666666667,5,4,17.3333333333
2017-05-02 18:52:22.306789,Mushroom,2817,5,GW Squared Gini,5,3,True,False,1,False,None,True,0.1,40,18.6666666667,18.6666666667,0.0,5.977001904975623,63.08129215477458,98.54455094071707,98.54455094071707,0,0.0,7.0,7,7,0,11.0,13,9,4.66666666667,5,4,18.0
2017-05-02 18:52:28.208962,Mushroom,2817,6,GW Squared Gini,5,3,True,False,1,False,None,True,0.1,40,18.6666666667,18.6666666667,0.0,5.9018436030019075,63.08129215477458,98.54455094071707,98.54455094071707,0,0.0,7.0,7,7,0,12.3333333333,15,11,5.0,5,5,18.0
2017-05-02 18:52:34.166723,Mushroom,2817,7,GW Squared Gini,5,3,True,False,1,False,None,True,0.1,40,18.3333333333,18.3333333333,0.0,5.9574167798273265,63.08129215477458,97.90557330493432,97.90557330493432,0,0.0,7.0,7,7,0,17.0,23,11,5.0,5,5,16.0
2017-05-02 18:52:40.160932,Mushroom,2817,8,GW Squared Gini,5,3,True,False,1,False,None,True,0.1,40,18.6666666667,18.6666666667,0.0,5.9938106830231845,63.08129215477458,98.54455094071707,98.54455094071707,0,0.0,7.0,7,7,0,13.6666666667,15,11,5.0,5,5,20.6666666667
2017-05-02 18:52:46.211273,Mushroom,2817,9,GW Squared Gini,5,3,True,False,1,False,None,True,0.1,40,18.6666666667,18.6666666667,0.0,6.05000150995329,63.08129215477458,98.54455094071707,98.5440340909091,1,0.03549875754348598,7.0,7,7,0,15.0,21,11,5.0,5,5,17.3333333333
2017-05-02 18:52:51.914677,Mushroom,2817,10,GW Squared Gini,5,3,True,False,1,False,None,True,0.1,40,18.6666666667,18.6666666667,0.0,5.703016200102866,63.08129215477458,98.54455094071707,98.54455094071707,0,0.0,7.0,7,7,0,15.6666666667,17,15,5.0,5,5,22.0
2017-05-02 18:52:56.785674,Mushroom,2817,1,GW Chi Square,5,3,True,False,1,False,None,True,0.1,40,18.6666666667,18.6666666667,0.0,4.870587954996154,63.08129215477458,98.54455094071707,98.54455094071707,0,0.0,7.0,7,7,0,15.0,21,11,4.66666666667,5,4,10.0
2017-05-02 18:53:01.957245,Mushroom,2817,2,GW Chi Square,5,3,True,False,1,False,None,True,0.1,40,18.6666666667,18.6666666667,0.0,5.171121490886435,63.08129215477458,98.79304224352148,98.79304224352148,0,0.0,7.0,7,7,0,15.6666666667,19,13,4.66666666667,5,4,9.33333333333
2017-05-02 18:53:06.977403,Mushroom,2817,3,GW Chi Square,5,3,True,False,1,False,None,True,0.1,40,18.3333333333,18.3333333333,0.0,5.019651124952361,63.08129215477458,98.61554845580405,98.61554845580405,0,0.0,7.0,7,7,0,12.3333333333,17,9,4.66666666667,5,4,12.0
2017-05-02 18:53:11.889068,Mushroom,2817,4,GW Chi Square,5,3,True,False,1,False,None,True,0.1,40,18.6666666667,18.6666666667,0.0,4.9112871759571135,63.08129215477458,98.29605963791268,98.29605963791268,0,0.0,7.0,7,7,0,15.6666666667,19,11,4.66666666667,5,4,14.6666666667
2017-05-02 18:53:17.137226,Mushroom,2817,5,GW Chi Square,5,3,True,False,1,False,None,True,0.1,40,18.6666666667,18.6666666667,0.0,5.247756297001615,63.08129215477458,99.00603478878239,99.00603478878239,0,0.0,7.0,7,7,0,16.3333333333,21,7,4.33333333333,5,3,10.6666666667
2017-05-02 18:53:22.287182,Mushroom,2817,6,GW Chi Square,5,3,True,False,1,False,None,True,0.1,40,18.6666666667,18.6666666667,0.0,5.149604114005342,63.08129215477458,98.89953851615194,98.89953851615194,0,0.0,7.0,7,7,0,13.6666666667,19,11,4.66666666667,5,4,16.6666666667
2017-05-02 18:53:27.726851,Mushroom,2817,7,GW Chi Square,5,3,True,False,1,False,None,True,0.1,40,18.3333333333,18.3333333333,0.0,5.4392809800338,63.08129215477458,97.9765708200213,97.9765708200213,0,0.0,7.0,7,7,0,15.6666666667,17,13,5.0,5,5,14.0
2017-05-02 18:53:32.839230,Mushroom,2817,8,GW Chi Square,5,3,True,False,1,False,None,True,0.1,40,18.6666666667,18.6666666667,0.0,5.111983328824863,63.08129215477458,98.82854100106496,98.82854100106496,0,0.0,7.0,7,7,0,18.3333333333,23,15,5.0,5,5,12.0
2017-05-02 18:53:37.959712,Mushroom,2817,9,GW Chi Square,5,3,True,False,1,False,None,True,0.1,40,18.6666666667,18.6666666667,0.0,5.120054816827178,63.08129215477458,98.61554845580405,98.61505681818181,1,0.03549875754348598,7.0,7,7,0,20.3333333333,29,13,5.0,5,5,10.0
2017-05-02 18:53:43.151236,Mushroom,2817,10,GW Chi Square,5,3,True,False,1,False,None,True,0.1,40,18.6666666667,18.6666666667,0.0,5.191096416208893,63.08129215477458,98.75754348597799,98.75754348597799,0,0.0,7.0,7,7,0,17.6666666667,21,15,5.0,5,5,12.0
2017-05-02 18:56:19.214523,Nursery with Aggreg,6481,1,GW Squared Gini,5,3,True,False,1,False,None,True,0.1,40,10.0,10.0,0.0,156.06284119398333,33.59049529393612,89.46150285449777,89.4753086419753,1,0.015429717636167259,5.66666666667,9,4,0,25.6666666667,29,23,5.0,5,5,21.3333333333
2017-05-02 18:59:08.303476,Nursery with Aggreg,6481,2,GW Squared Gini,5,3,True,False,1,False,None,True,0.1,40,10.0,10.0,0.0,169.08829532912932,33.59049529393612,88.75173584323407,88.76543209876543,1,0.015429717636167259,5.66666666667,10,3,0,27.0,29,23,5.0,5,5,21.3333333333
2017-05-02 19:00:52.397171,Nursery with Aggreg,6481,3,GW Squared Gini,5,3,True,False,1,False,None,True,0.1,40,10.0,10.0,0.0,104.0927636360284,33.59049529393612,89.30720567813609,89.32098765432099,1,0.015429717636167259,7.66666666667,10,3,0,29.6666666667,33,23,5.0,5,5,22.0
2017-05-02 19:02:19.102579,Nursery with Aggreg,6481,4,GW Squared Gini,5,3,True,False,1,False,None,True,0.1,40,10.0,10.0,0.0,86.70491997385398,33.59049529393612,89.12204906650209,89.1358024691358,1,0.015429717636167259,9.66666666667,16,3,0,36.3333333333,39,33,5.0,5,5,14.0
2017-05-02 19:04:11.141285,Nursery with Aggreg,6481,5,GW Squared Gini,5,3,True,False,1,False,None,True,0.1,40,10.0,10.0,0.0,112.03818457201123,33.59049529393612,88.62829810214473,88.64197530864197,1,0.015429717636167259,7.66666666667,15,4,0,32.3333333333,35,29,5.0,5,5,17.3333333333
2017-05-02 19:06:36.335103,Nursery with Aggreg,6481,6,GW Squared Gini,5,3,True,False,1,False,None,True,0.1,40,10.0,10.0,0.0,145.19331727805547,33.59049529393612,88.8751735843234,88.88888888888889,1,0.015429717636167259,5.66666666667,10,3,0,29.0,33,27,5.0,5,5,23.3333333333
2017-05-02 19:08:05.529158,Nursery with Aggreg,6481,7,GW Squared Gini,5,3,True,False,1,False,None,True,0.1,40,10.0,10.0,0.0,89.19352358789183,33.59049529393612,88.99861132541274,89.01234567901234,1,0.015429717636167259,5.66666666667,10,3,0,33.0,43,25,5.0,5,5,21.3333333333
2017-05-02 19:10:30.125311,Nursery with Aggreg,6481,8,GW Squared Gini,5,3,True,False,1,False,None,True,0.1,40,10.0,10.0,0.0,144.59565483406186,33.59049529393612,89.24548680759142,89.25925925925925,1,0.015429717636167259,5.66666666667,10,3,0,30.3333333333,35,27,5.0,5,5,17.3333333333
2017-05-02 19:11:55.093868,Nursery with Aggreg,6481,9,GW Squared Gini,5,3,True,False,1,False,None,True,0.1,40,10.0,10.0,0.0,84.9680652320385,33.59049529393612,90.00154297176361,90.01543209876543,1,0.015429717636167259,9.66666666667,16,4,0,32.3333333333,39,29,5.0,5,5,19.3333333333
2017-05-02 19:14:19.086857,Nursery with Aggreg,6481,10,GW Squared Gini,5,3,True,False,1,False,None,True,0.1,40,10.0,10.0,0.0,143.9924945451785,33.59049529393612,89.0140410430489,89.02777777777777,1,0.015429717636167259,5.66666666667,10,3,0,31.0,35,27,5.0,5,5,16.6666666667
2017-05-02 19:15:17.829611,Nursery with Aggreg,6481,1,GW Chi Square,5,3,True,False,1,False,None,True,0.1,40,10.0,10.0,0.0,58.74220330291428,33.59049529393612,90.17126986576146,90.18518518518519,1,0.015429717636167259,3.66666666667,4,3,0,27.0,27,27,5.0,5,5,16.6666666667
2017-05-02 19:16:02.855835,Nursery with Aggreg,6481,2,GW Chi Square,5,3,True,False,1,False,None,True,0.1,40,10.0,10.0,0.0,45.02574280719273,33.59049529393612,90.40271563030396,90.41666666666667,1,0.015429717636167259,3.66666666667,4,3,0,29.0,29,29,5.0,5,5,16.6666666667
2017-05-02 19:16:49.583898,Nursery with Aggreg,6481,3,GW Chi Square,5,3,True,False,1,False,None,True,0.1,40,10.0,10.0,0.0,46.727546053007245,33.59049529393612,90.38728591266779,90.40123456790124,1,0.015429717636167259,3.66666666667,4,3,0,27.0,35,17,5.0,5,5,18.6666666667
2017-05-02 19:17:23.125869,Nursery with Aggreg,6481,4,GW Chi Square,5,3,True,False,1,False,None,True,0.1,40,10.0,10.0,0.0,33.54152426403016,33.59049529393612,90.1558401481253,90.16975308641975,1,0.015429717636167259,3.66666666667,4,3,0,33.0,37,31,5.0,5,5,12.0
2017-05-02 19:18:01.393859,Nursery with Aggreg,6481,5,GW Chi Square,5,3,True,False,1,False,None,True,0.1,40,10.0,10.0,0.0,38.267480071866885,33.59049529393612,90.03240240703595,90.04629629629629,1,0.015429717636167259,3.66666666667,4,3,0,35.0,39,31,5.0,5,5,16.0
2017-05-02 19:18:50.065893,Nursery with Aggreg,6481,6,GW Chi Square,5,3,True,False,1,False,None,True,0.1,40,10.0,10.0,0.0,48.67149208881892,33.59049529393612,90.18669958339763,90.20061728395062,1,0.015429717636167259,3.66666666667,4,3,0,28.3333333333,35,21,5.0,5,5,20.0
2017-05-02 19:19:31.545479,Nursery with Aggreg,6481,7,GW Chi Square,5,3,True,False,1,False,None,True,0.1,40,10.0,10.0,0.0,41.47908359905705,33.59049529393612,90.49529393612097,90.50925925925925,1,0.015429717636167259,3.66666666667,4,3,0,27.6666666667,29,27,5.0,5,5,18.6666666667
2017-05-02 19:20:21.933127,Nursery with Aggreg,6481,8,GW Chi Square,5,3,True,False,1,False,None,True,0.1,40,10.0,10.0,0.0,50.38716555782594,33.59049529393612,90.1558401481253,90.16975308641975,1,0.015429717636167259,3.66666666667,4,3,0,27.6666666667,37,19,5.0,5,5,20.6666666667
2017-05-02 19:20:52.678787,Nursery with Aggreg,6481,9,GW Chi Square,5,3,True,False,1,False,None,True,0.1,40,10.0,10.0,0.0,30.74521419312805,33.59049529393612,91.12791235920383,91.14197530864197,1,0.015429717636167259,3.66666666667,4,3,0,27.0,29,23,5.0,5,5,19.3333333333
2017-05-02 19:21:43.621749,Nursery with Aggreg,6481,10,GW Chi Square,5,3,True,False,1,False,None,True,0.1,40,10.0,10.0,0.0,50.942458792123944,33.59049529393612,90.81931800648049,90.83333333333333,1,0.015429717636167259,3.66666666667,4,3,0,30.3333333333,33,29,5.0,5,5,14.0
2017-05-02 19:52:49.951567,KDD98 Multiclass 2,2385,1,GW Squared Gini,5,3,True,False,1,False,None,True,0.1,40,47.0,47.0,0.0,1866.329294744879,50.81761006289308,83.31236897274633,83.33333333333333,3,0.12578616352201258,26.6666666667,52,14,0,3.0,3,3,1.0,1,1,25.3333333333
2017-05-02 20:21:48.461796,KDD98 Multiclass 2,2385,2,GW Squared Gini,5,3,True,False,1,False,None,True,0.1,40,47.0,47.0,0.0,1738.5096813300624,50.81761006289308,82.68343815513627,82.71500843170321,13,0.5450733752620545,25.6666666667,49,14,0,5.0,9,3,2.0,4,1,22.6666666667
2017-05-02 20:51:09.731753,KDD98 Multiclass 2,2385,3,GW Squared Gini,5,3,True,False,1,False,None,True,0.1,40,47.0,47.0,0.0,1761.2692294069566,50.81761006289308,83.9832285115304,83.9832285115304,0,0.0,14.0,14,14,0,3.0,3,3,1.0,1,1,22.6666666667
2017-05-02 21:26:13.353638,KDD98 Multiclass 2,2385,4,GW Squared Gini,5,3,True,False,1,False,None,True,0.1,40,47.0,47.0,0.0,2103.6213727660943,50.81761006289308,82.51572327044025,82.44567533020877,38,1.5932914046121593,14.0,14,14,0,4.33333333333,7,3,1.66666666667,3,1,21.3333333333
2017-05-02 21:55:48.388082,KDD98 Multiclass 2,2385,5,GW Squared Gini,5,3,True,False,1,False,None,True,0.1,40,47.0,47.0,0.0,1775.033864144003,50.81761006289308,83.8993710691824,83.94437420986094,12,0.5031446540880503,14.0,14,14,0,5.0,9,3,2.0,4,1,20.6666666667
2017-05-02 22:26:29.022788,KDD98 Multiclass 2,2385,6,GW Squared Gini,5,3,True,False,1,False,None,True,0.1,40,47.0,47.0,0.0,1840.6341259609908,50.81761006289308,83.10272536687631,83.04585612116112,8,0.33542976939203356,14.0,14,14,0,7.66666666667,11,3,3.33333333333,5,1,24.0
2017-05-02 22:58:14.136507,KDD98 Multiclass 2,2385,7,GW Squared Gini,5,3,True,False,1,False,None,True,0.1,40,47.0,47.0,0.0,1905.1132243329193,50.81761006289308,82.85115303983228,82.83898305084746,25,1.0482180293501049,14.0,14,14,0,7.0,15,3,2.0,4,1,20.6666666667
2017-05-02 23:28:57.845683,KDD98 Multiclass 2,2385,8,GW Squared Gini,5,3,True,False,1,False,None,True,0.1,40,47.0,47.0,0.0,1843.7086651460268,50.81761006289308,84.0670859538784,84.0670859538784,0,0.0,14.0,14,14,0,3.0,3,3,1.0,1,1,20.6666666667
2017-05-02 23:59:20.985966,KDD98 Multiclass 2,2385,9,GW Squared Gini,5,3,True,False,1,False,None,True,0.1,40,47.0,47.0,0.0,1823.1396597048733,50.81761006289308,83.85744234800839,83.86689132266217,11,0.4612159329140461,14.0,14,14,0,5.0,9,3,2.0,4,1,23.3333333333
2017-05-03 00:30:00.523505,KDD98 Multiclass 2,2385,10,GW Squared Gini,5,3,True,False,1,False,None,True,0.1,40,47.0,47.0,0.0,1839.5366738298908,50.81761006289308,83.48008385744235,83.54377104377105,9,0.37735849056603776,14.0,14,14,0,5.0,9,3,2.0,4,1,20.6666666667
2017-05-03 00:46:43.136962,KDD98 Multiclass 2,2385,1,GW Chi Square,5,3,True,False,1,False,None,True,0.1,40,47.0,47.0,0.0,1002.6129326960072,50.81761006289308,84.0251572327044,84.07454468445574,24,1.0062893081761006,4.0,4,4,0,6.33333333333,13,3,2.33333333333,5,1,16.6666666667
2017-05-03 01:02:17.892965,KDD98 Multiclass 2,2385,2,GW Chi Square,5,3,True,False,1,False,None,True,0.1,40,47.0,47.0,0.0,934.7549238379579,50.81761006289308,83.56394129979036,83.58843537414965,33,1.3836477987421383,4.0,4,4,0,7.66666666667,11,3,2.66666666667,4,1,16.0
2017-05-03 01:18:33.821330,KDD98 Multiclass 2,2385,3,GW Chi Square,5,3,True,False,1,False,None,True,0.1,40,47.0,47.0,0.0,975.9270694740117,50.81761006289308,83.77358490566037,83.7643069097075,26,1.090146750524109,4.0,4,4,0,7.0,11,3,2.33333333333,3,1,18.0
2017-05-03 01:35:15.150358,KDD98 Multiclass 2,2385,4,GW Chi Square,5,3,True,False,1,False,None,True,0.1,40,47.0,47.0,0.0,1001.3281034810934,50.81761006289308,81.59329140461216,81.64746052069995,42,1.7610062893081762,4.0,4,4,0,9.0,11,7,3.66666666667,4,3,16.0
2017-05-03 01:52:29.706346,KDD98 Multiclass 2,2385,5,GW Chi Square,5,3,True,False,1,False,None,True,0.1,40,47.0,47.0,0.0,1034.5551527119242,50.81761006289308,82.51572327044025,82.64215476699444,46,1.928721174004193,4.0,4,4,0,11.0,19,7,3.66666666667,5,3,14.0
2017-05-03 02:07:40.191672,KDD98 Multiclass 2,2385,6,GW Chi Square,5,3,True,False,1,False,None,True,0.1,40,47.0,47.0,0.0,910.4844323659781,50.81761006289308,83.18658280922432,83.47529812606473,37,1.551362683438155,4.0,4,4,0,8.33333333333,11,7,3.66666666667,5,3,14.0
2017-05-03 02:24:22.552241,KDD98 Multiclass 2,2385,7,GW Chi Square,5,3,True,False,1,False,None,True,0.1,40,47.0,47.0,0.0,1002.3591459870804,50.81761006289308,82.0125786163522,82.02391118701964,43,1.8029350104821802,4.0,4,4,0,11.0,13,9,4.0,4,4,12.6666666667
2017-05-03 02:40:46.296667,KDD98 Multiclass 2,2385,8,GW Chi Square,5,3,True,False,1,False,None,True,0.1,40,47.0,47.0,0.0,983.7433571361471,50.81761006289308,83.06079664570231,83.1009716941276,18,0.7547169811320755,4.0,4,4,0,7.0,11,3,2.33333333333,3,1,16.0
2017-05-03 02:57:03.847042,KDD98 Multiclass 2,2385,9,GW Chi Square,5,3,True,False,1,False,None,True,0.1,40,47.0,47.0,0.0,977.5494260939304,50.81761006289308,83.31236897274633,83.4109183241642,22,0.9224318658280922,4.0,4,4,0,4.33333333333,7,3,1.66666666667,3,1,21.3333333333
2017-05-03 03:14:11.357844,KDD98 Multiclass 2,2385,10,GW Chi Square,5,3,True,False,1,False,None,True,0.1,40,47.0,47.0,0.0,1027.5101995579898,50.81761006289308,82.0545073375262,82.07103123662816,48,2.0125786163522013,4.0,4,4,0,11.6666666667,15,7,3.66666666667,4,3,14.0
2017-05-03 03:49:26.144714,KDD98 Multiclass 3,2385,1,GW Squared Gini,5,3,True,False,1,False,None,True,0.1,40,47.0,47.0,0.0,2114.7860224430915,41.467505241090144,65.53459119496856,65.52620181896926,76,3.1865828092243187,14.0,14,14,0,12.3333333333,13,11,3.66666666667,4,3,14.0
2017-05-03 04:27:21.431411,KDD98 Multiclass 3,2385,2,GW Squared Gini,5,3,True,False,1,False,None,True,0.1,40,47.0,47.0,0.0,2275.2856458409224,41.467505241090144,64.98951781970649,65.3431160984031,68,2.851153039832285,37.6666666667,50,14,0,13.0,15,11,3.66666666667,4,3,18.6666666667
2017-05-03 05:00:58.099595,KDD98 Multiclass 3,2385,3,GW Squared Gini,5,3,True,False,1,False,None,True,0.1,40,47.0,47.0,0.0,2016.667091355892,41.467505241090144,65.61844863731656,65.79399141630901,55,2.3060796645702304,14.0,14,14,0,11.6666666667,13,11,3.33333333333,4,3,16.6666666667
2017-05-03 05:39:24.875344,KDD98 Multiclass 3,2385,4,GW Squared Gini,5,3,True,False,1,False,None,True,0.1,40,47.0,47.0,0.0,2306.7746015291195,41.467505241090144,64.15094339622641,64.94800693240902,77,3.2285115303983227,35.3333333333,78,14,0,15.6666666667,19,13,4.66666666667,5,4,16.6666666667
2017-05-03 06:10:27.072977,KDD98 Multiclass 3,2385,5,GW Squared Gini,5,3,True,False,1,False,None,True,0.1,40,47.0,47.0,0.0,1862.195999800926,41.467505241090144,64.19287211740041,64.30423509075194,71,2.9769392033542976,14.0,14,14,0,14.3333333333,15,13,4.33333333333,5,4,15.3333333333
2017-05-03 06:45:14.547054,KDD98 Multiclass 3,2385,6,GW Squared Gini,5,3,True,False,1,False,None,True,0.1,40,47.0,47.0,0.0,2087.4729947671294,41.467505241090144,64.61215932914047,65.01751313485114,101,4.234800838574423,25.3333333333,48,14,0,14.3333333333,15,13,4.0,4,4,17.3333333333
2017-05-03 07:16:12.640245,KDD98 Multiclass 3,2385,7,GW Squared Gini,5,3,True,False,1,False,None,True,0.1,40,47.0,47.0,0.0,1858.0917433330324,41.467505241090144,63.60587002096436,64.14445399828031,59,2.4737945492662474,55.6666666667,77,14,0,14.3333333333,15,13,4.0,4,4,20.0
2017-05-03 07:52:23.247522,KDD98 Multiclass 3,2385,8,GW Squared Gini,5,3,True,False,1,False,None,True,0.1,40,47.0,47.0,0.0,2170.606091819005,41.467505241090144,65.53459119496856,65.64102564102564,45,1.8867924528301887,35.6666666667,79,14,0,13.6666666667,15,13,4.0,4,4,20.0
2017-05-03 08:28:30.214437,KDD98 Multiclass 3,2385,9,GW Squared Gini,5,3,True,False,1,False,None,True,0.1,40,47.0,47.0,0.0,2166.9657045800705,41.467505241090144,65.15723270440252,65.32118055555556,81,3.3962264150943398,22.6666666667,50,4,0,12.3333333333,13,11,3.66666666667,4,3,16.6666666667
2017-05-03 09:05:30.931856,KDD98 Multiclass 3,2385,10,GW Squared Gini,5,3,True,False,1,False,None,True,0.1,40,47.0,47.0,0.0,2220.716339766979,41.467505241090144,62.9769392033543,63.278546712802765,73,3.060796645702306,34.6666666667,76,14,0,11.6666666667,13,11,3.33333333333,4,3,21.3333333333
2017-05-03 09:19:14.951615,KDD98 Multiclass 3,2385,1,GW Chi Square,5,3,True,False,1,False,None,True,0.1,40,47.0,47.0,0.0,824.018831375055,41.467505241090144,65.70230607966457,65.98786828422877,77,3.2285115303983227,4.0,4,4,0,17.0,19,15,5.0,5,5,9.33333333333
2017-05-03 09:33:40.365096,KDD98 Multiclass 3,2385,2,GW Chi Square,5,3,True,False,1,False,None,True,0.1,40,47.0,47.0,0.0,865.411920299055,41.467505241090144,64.57023060796645,64.59838504037398,32,1.3417190775681342,4.0,4,4,0,13.6666666667,17,11,4.0,5,3,14.0
2017-05-03 09:47:26.450619,KDD98 Multiclass 3,2385,3,GW Chi Square,5,3,True,False,1,False,None,True,0.1,40,47.0,47.0,0.0,826.0843301499262,41.467505241090144,65.78616352201257,66.26506024096386,61,2.557651991614256,4.0,4,4,0,17.0,21,13,5.0,5,5,10.6666666667
2017-05-03 10:03:41.316475,KDD98 Multiclass 3,2385,4,GW Chi Square,5,3,True,False,1,False,None,True,0.1,40,47.0,47.0,0.0,974.8643311748747,41.467505241090144,64.86373165618448,65.06285218899004,78,3.270440251572327,4.0,4,4,0,21.6666666667,23,19,5.0,5,5,6.66666666667
2017-05-03 10:16:22.245479,KDD98 Multiclass 3,2385,5,GW Chi Square,5,3,True,False,1,False,None,True,0.1,40,47.0,47.0,0.0,760.9272057921626,41.467505241090144,64.65408805031447,65.11427339370418,66,2.7672955974842766,4.0,4,4,0,18.3333333333,19,17,4.66666666667,5,4,7.33333333333
2017-05-03 10:30:50.517263,KDD98 Multiclass 3,2385,6,GW Chi Square,5,3,True,False,1,False,None,True,0.1,40,47.0,47.0,0.0,868.2704212339595,41.467505241090144,63.56394129979036,63.994800693240904,77,3.2285115303983227,4.0,4,4,0,18.3333333333,19,17,4.66666666667,5,4,11.3333333333
2017-05-03 10:44:31.923065,KDD98 Multiclass 3,2385,7,GW Chi Square,5,3,True,False,1,False,None,True,0.1,40,47.0,47.0,0.0,821.4043295609299,41.467505241090144,65.74423480083857,66.23376623376623,75,3.1446540880503147,4.0,4,4,0,21.0,23,19,5.0,5,5,7.33333333333
2017-05-03 10:59:45.977861,KDD98 Multiclass 3,2385,8,GW Chi Square,5,3,True,False,1,False,None,True,0.1,40,47.0,47.0,0.0,914.0530200339854,41.467505241090144,65.57651991614256,65.90517241379311,65,2.7253668763102725,4.0,4,4,0,18.3333333333,21,17,4.66666666667,5,4,11.3333333333
2017-05-03 11:14:59.187634,KDD98 Multiclass 3,2385,9,GW Chi Square,5,3,True,False,1,False,None,True,0.1,40,47.0,47.0,0.0,913.2084677040111,41.467505241090144,66.0377358490566,66.39308855291577,70,2.9350104821802936,4.0,4,4,0,17.0,19,15,5.0,5,5,10.0
2017-05-03 11:29:52.240238,KDD98 Multiclass 3,2385,10,GW Chi Square,5,3,True,False,1,False,None,True,0.1,40,47.0,47.0,0.0,893.0511828779709,41.467505241090144,64.36058700209644,64.7594278283485,78,3.270440251572327,4.0,4,4,0,15.6666666667,21,9,4.66666666667,5,4,10.0
2017-05-03 12:08:28.174672,KDD98 Multiclass 5,2385,1,GW Squared Gini,5,3,True,False,1,False,None,True,0.1,40,47.0,47.0,0.0,2315.9334516061936,22.431865828092242,45.9538784067086,46.50751547303271,123,5.1572327044025155,48.0,78,14,0,21.0,25,19,4.33333333333,5,4,15.3333333333
2017-05-03 12:46:08.172805,KDD98 Multiclass 5,2385,2,GW Squared Gini,5,3,True,False,1,False,None,True,0.1,40,47.0,47.0,0.0,2259.9961207308806,22.431865828092242,46.121593291404615,46.69294787560228,102,4.276729559748428,57.3333333333,72,49,0,18.3333333333,21,17,4.66666666667,5,4,14.0
2017-05-03 13:22:19.802811,KDD98 Multiclass 5,2385,3,GW Squared Gini,5,3,True,False,1,False,None,True,0.1,40,47.0,47.0,0.0,2171.6283372619655,22.431865828092242,47.127882599580715,47.64192139737991,95,3.9832285115303985,14.0,14,14,0,20.3333333333,21,19,4.33333333333,5,4,14.0
2017-05-03 14:01:55.861349,KDD98 Multiclass 5,2385,4,GW Squared Gini,5,3,True,False,1,False,None,True,0.1,40,47.0,47.0,0.0,2376.055811489001,22.431865828092242,46.289308176100626,46.58249891162386,88,3.689727463312369,14.0,14,14,0,19.0,25,13,4.0,5,3,14.0
2017-05-03 14:43:33.862538,KDD98 Multiclass 5,2385,5,GW Squared Gini,5,3,True,False,1,False,None,True,0.1,40,47.0,47.0,0.0,2497.9991389361676,22.431865828092242,45.660377358490564,46.74245736773065,98,4.109014675052411,76.3333333333,79,73,0,19.6666666667,21,19,4.66666666667,5,4,14.0
2017-05-03 15:18:37.830817,KDD98 Multiclass 5,2385,6,GW Squared Gini,5,3,True,False,1,False,None,True,0.1,40,47.0,47.0,0.0,2103.9662592390087,22.431865828092242,46.62473794549266,47.053688345700564,94,3.941299790356394,35.0,77,14,0,15.6666666667,21,13,3.33333333333,4,3,16.0
2017-05-03 15:55:50.210567,KDD98 Multiclass 5,2385,7,GW Squared Gini,5,3,True,False,1,False,None,True,0.1,40,47.0,47.0,0.0,2232.378183430992,22.431865828092242,45.24109014675052,45.80786026200873,95,3.9832285115303985,34.6666666667,76,14,0,19.6666666667,23,17,4.33333333333,5,4,14.0
2017-05-03 16:33:54.954492,KDD98 Multiclass 5,2385,8,GW Squared Gini,5,3,True,False,1,False,None,True,0.1,40,47.0,47.0,0.0,2284.7424350078218,22.431865828092242,44.276729559748425,44.993441189331,98,4.109014675052411,34.6666666667,76,14,0,17.0,19,15,4.0,4,4,13.3333333333
2017-05-03 17:12:25.207620,KDD98 Multiclass 5,2385,9,GW Squared Gini,5,3,True,False,1,False,None,True,0.1,40,47.0,47.0,0.0,2310.251635176828,22.431865828092242,47.463312368972744,48.109517601043024,84,3.5220125786163523,14.0,14,14,0,21.6666666667,23,21,5.0,5,5,10.6666666667
2017-05-03 17:50:57.481503,KDD98 Multiclass 5,2385,10,GW Squared Gini,5,3,True,False,1,False,None,True,0.1,40,47.0,47.0,0.0,2312.2720551081,22.431865828092242,44.486373165618446,45.059288537549406,108,4.528301886792453,34.6666666667,76,14,0,22.3333333333,27,17,4.66666666667,5,4,8.0
2017-05-03 18:06:41.329837,KDD98 Multiclass 5,2385,1,GW Chi Square,5,3,True,False,1,False,None,True,0.1,40,47.0,47.0,0.0,943.8463291120715,22.431865828092242,49.55974842767296,49.719706770159554,66,2.7672955974842766,4.0,4,4,0,17.6666666667,19,17,5.0,5,5,6.66666666667
2017-05-03 18:23:28.502231,KDD98 Multiclass 5,2385,2,GW Chi Square,5,3,True,False,1,False,None,True,0.1,40,47.0,47.0,0.0,1007.171356057981,22.431865828092242,47.79874213836478,48.30875975715525,79,3.3123689727463312,4.0,4,4,0,17.6666666667,19,15,5.0,5,5,10.0
2017-05-03 18:37:55.316595,KDD98 Multiclass 5,2385,3,GW Chi Square,5,3,True,False,1,False,None,True,0.1,40,47.0,47.0,0.0,866.8132868709508,22.431865828092242,47.9664570230608,48.455850369725965,86,3.6058700209643604,4.0,4,4,0,21.0,25,17,5.0,5,5,9.33333333333
2017-05-03 18:54:22.054751,KDD98 Multiclass 5,2385,4,GW Chi Square,5,3,True,False,1,False,None,True,0.1,40,47.0,47.0,0.0,986.7363675730303,22.431865828092242,49.76939203354298,50.172413793103445,65,2.7253668763102725,4.0,4,4,0,17.0,23,9,4.33333333333,5,3,8.66666666667
2017-05-03 19:10:16.077196,KDD98 Multiclass 5,2385,5,GW Chi Square,5,3,True,False,1,False,None,True,0.1,40,47.0,47.0,0.0,954.0214621860068,22.431865828092242,49.22431865828092,49.69853574504737,63,2.641509433962264,4.0,4,4,0,18.3333333333,25,15,4.66666666667,5,4,8.66666666667
2017-05-03 19:25:14.999823,KDD98 Multiclass 5,2385,6,GW Chi Square,5,3,True,False,1,False,None,True,0.1,40,47.0,47.0,0.0,898.921264535049,22.431865828092242,49.056603773584904,49.26406926406926,75,3.1446540880503147,4.0,4,4,0,19.0,21,17,4.66666666667,5,4,6.0
2017-05-03 19:40:42.321150,KDD98 Multiclass 5,2385,7,GW Chi Square,5,3,True,False,1,False,None,True,0.1,40,47.0,47.0,0.0,927.3200523669366,22.431865828092242,49.22431865828092,49.39498703543647,71,2.9769392033542976,4.0,4,4,0,15.6666666667,17,15,4.0,4,4,10.0
2017-05-03 19:55:24.322025,KDD98 Multiclass 5,2385,8,GW Chi Square,5,3,True,False,1,False,None,True,0.1,40,47.0,47.0,0.0,881.9995998989325,22.431865828092242,49.056603773584904,49.43917169974116,67,2.809224318658281,4.0,4,4,0,19.0,23,15,5.0,5,5,10.6666666667
2017-05-03 20:11:46.202205,KDD98 Multiclass 5,2385,9,GW Chi Square,5,3,True,False,1,False,None,True,0.1,40,47.0,47.0,0.0,981.8780937078409,22.431865828092242,49.056603773584904,49.19249236141423,94,3.941299790356394,4.0,4,4,0,20.3333333333,21,19,5.0,5,5,8.0
2017-05-03 20:28:05.425865,KDD98 Multiclass 5,2385,10,GW Chi Square,5,3,True,False,1,False,None,True,0.1,40,47.0,47.0,0.0,979.2221060958691,22.431865828092242,48.679245283018865,49.109856708640905,82,3.438155136268344,4.0,4,4,0,18.3333333333,21,15,5.0,5,5,10.6666666667
2017-05-03 21:00:19.842030,KDD98 Multiclass 9,2385,1,GW Squared Gini,5,3,True,False,1,False,None,True,0.1,40,47.0,47.0,0.0,1934.414743894944,20.50314465408805,40.041928721174,40.51015996541288,72,3.018867924528302,14.0,14,14,0,19.0,21,17,4.33333333333,5,4,14.0
2017-05-03 21:37:30.678218,KDD98 Multiclass 9,2385,2,GW Squared Gini,5,3,True,False,1,False,None,True,0.1,40,47.0,47.0,0.0,2230.834827341838,20.50314465408805,38.532494758909856,38.913234005258545,103,4.318658280922432,38.3333333333,52,14,0,19.0,21,17,4.0,4,4,12.6666666667
2017-05-03 22:11:29.881862,KDD98 Multiclass 9,2385,3,GW Squared Gini,5,3,True,False,1,False,None,True,0.1,40,47.0,47.0,0.0,2039.2019148459658,20.50314465408805,39.287211740041926,39.48516579406632,93,3.89937106918239,14.0,14,14,0,21.6666666667,23,21,5.0,5,5,14.6666666667
2017-05-03 22:46:04.336882,KDD98 Multiclass 9,2385,4,GW Squared Gini,5,3,True,False,1,False,None,True,0.1,40,47.0,47.0,0.0,2074.453840327915,20.50314465408805,39.74842767295598,39.869281045751634,90,3.7735849056603774,25.6666666667,49,14,0,23.0,27,21,5.0,5,5,14.0
2017-05-03 23:19:34.128665,KDD98 Multiclass 9,2385,5,GW Squared Gini,5,3,True,False,1,False,None,True,0.1,40,47.0,47.0,0.0,2009.789881290868,20.50314465408805,40.0,40.16536118363795,87,3.647798742138365,26.0,50,14,0,21.6666666667,25,17,4.66666666667,5,4,13.3333333333
2017-05-03 23:50:28.647237,KDD98 Multiclass 9,2385,6,GW Squared Gini,5,3,True,False,1,False,None,True,0.1,40,47.0,47.0,0.0,1854.5153457110282,20.50314465408805,37.064989517819704,37.43455497382199,93,3.89937106918239,58.3333333333,77,48,0,22.3333333333,27,17,5.0,5,5,12.6666666667
2017-05-04 00:27:10.142667,KDD98 Multiclass 9,2385,7,GW Squared Gini,5,3,True,False,1,False,None,True,0.1,40,47.0,47.0,0.0,2201.493621323025,20.50314465408805,37.903563941299794,38.16593886462882,95,3.9832285115303985,26.0,50,14,0,19.6666666667,23,15,4.33333333333,5,4,16.6666666667
2017-05-04 01:00:31.093487,KDD98 Multiclass 9,2385,8,GW Squared Gini,5,3,True,False,1,False,None,True,0.1,40,47.0,47.0,0.0,2000.9490001031663,20.50314465408805,39.077568134171905,39.44396177237185,83,3.480083857442348,38.0,50,14,0,19.0,23,17,4.33333333333,5,4,13.3333333333
2017-05-04 01:36:28.096164,KDD98 Multiclass 9,2385,9,GW Squared Gini,5,3,True,False,1,False,None,True,0.1,40,47.0,47.0,0.0,2157.0011970598716,20.50314465408805,41.299790356394126,41.64859002169197,80,3.3542976939203353,14.0,14,14,0,22.3333333333,27,19,4.66666666667,5,4,10.6666666667
2017-05-04 02:12:17.922830,KDD98 Multiclass 9,2385,10,GW Squared Gini,5,3,True,False,1,False,None,True,0.1,40,47.0,47.0,0.0,2149.82523586601,20.50314465408805,40.54507337526206,40.76322636600173,79,3.3123689727463312,14.0,14,14,0,19.0,23,15,4.33333333333,5,4,17.3333333333
2017-05-04 02:28:31.520500,KDD98 Multiclass 9,2385,1,GW Chi Square,5,3,True,False,1,False,None,True,0.1,40,47.0,47.0,0.0,973.5965563971549,20.50314465408805,40.670859538784065,40.9286328460877,59,2.4737945492662474,7.33333333333,14,4,0,15.0,19,11,4.33333333333,5,4,11.3333333333
2017-05-04 02:47:10.436426,KDD98 Multiclass 9,2385,2,GW Chi Square,5,3,True,False,1,False,None,True,0.1,40,47.0,47.0,0.0,1118.914504040964,20.50314465408805,42.59958071278826,43.02325581395349,63,2.641509433962264,4.0,4,4,0,17.0,19,15,5.0,5,5,9.33333333333
2017-05-04 03:03:12.592796,KDD98 Multiclass 9,2385,3,GW Chi Square,5,3,True,False,1,False,None,True,0.1,40,47.0,47.0,0.0,962.1551002729684,20.50314465408805,40.75471698113208,41.184041184041185,54,2.2641509433962264,4.0,4,4,0,15.6666666667,17,15,5.0,5,5,10.0
2017-05-04 03:20:42.787462,KDD98 Multiclass 9,2385,4,GW Chi Square,5,3,True,False,1,False,None,True,0.1,40,47.0,47.0,0.0,1050.1934338989668,20.50314465408805,42.18029350104822,42.728055077452666,61,2.557651991614256,4.0,4,4,0,15.0,17,13,5.0,5,5,12.0
2017-05-04 03:36:41.568859,KDD98 Multiclass 9,2385,5,GW Chi Square,5,3,True,False,1,False,None,True,0.1,40,47.0,47.0,0.0,958.7802905831486,20.50314465408805,41.42557651991614,41.74508126603935,47,1.970649895178197,4.0,4,4,0,16.3333333333,21,13,5.0,5,5,10.6666666667
2017-05-04 03:50:43.738502,KDD98 Multiclass 9,2385,6,GW Chi Square,5,3,True,False,1,False,None,True,0.1,40,47.0,47.0,0.0,842.1683559650555,20.50314465408805,41.257861635220124,41.525054466230934,90,3.7735849056603774,4.0,4,4,0,19.0,19,19,5.0,5,5,5.33333333333
2017-05-04 04:09:04.702968,KDD98 Multiclass 9,2385,7,GW Chi Square,5,3,True,False,1,False,None,True,0.1,40,47.0,47.0,0.0,1100.9631075819489,20.50314465408805,43.18658280922432,43.587558585428205,38,1.5932914046121593,4.0,4,4,0,15.6666666667,17,13,5.0,5,5,11.3333333333
2017-05-04 04:25:58.730141,KDD98 Multiclass 9,2385,8,GW Chi Square,5,3,True,False,1,False,None,True,0.1,40,47.0,47.0,0.0,1014.0259078419767,20.50314465408805,40.0,40.372133275638255,74,3.10272536687631,4.0,4,4,0,18.3333333333,21,15,4.66666666667,5,4,6.0
2017-05-04 04:46:18.819219,KDD98 Multiclass 9,2385,9,GW Chi Square,5,3,True,False,1,False,None,True,0.1,40,47.0,47.0,0.0,1220.0876066740602,20.50314465408805,41.55136268343816,41.81818181818182,75,3.1446540880503147,4.0,4,4,0,17.6666666667,21,15,4.66666666667,5,4,7.33333333333
2017-05-04 05:05:10.401548,KDD98 Multiclass 9,2385,10,GW Chi Square,5,3,True,False,1,False,None,True,0.1,40,47.0,47.0,0.0,1131.5808366627898,20.50314465408805,42.0125786163522,42.06008583690987,55,2.3060796645702304,4.0,4,4,0,16.3333333333,19,15,4.66666666667,5,4,10.0
